Workbook

Sheet Lookups
A1: Priority | B1: Status | C1: Issue Category | D1: Department | E1: Assignment Type | F1: Assignee
A2: High | B2: New | C2: Brakes | D2: Transit Operations | E2: Internal Technician | F2: Alex M.
A3: Medium | B3: Assigned | C3: Engine | D3: Waste & Recycling | E3: External Vendor | F3: Prairie Fleet Services
A4: Low | B4: In Progress | C4: Electrical | D4: Water Services | F4: Jordan K.
B5: Pending Approval | C5: Tires | D5: Roads | F5: Westside Auto
B6: Completed | C6: HVAC | D6: Parks | F6: Sam R.
B7: Closed | C7: Body / Exterior | D7: Fleet Services | F7: Calgary Mobile Repair
C8: Preventive Maintenance
C9: Other

Sheet Pivot_Status
A3: Row Labels | B3: Count of Work Order ID
A4: Assigned | B4: 2
A5: Closed | B5: 1
A6: Completed | B6: 1
A7: In Progress | B7: 5
A8: New | B8: 3
A9: Pending Approval | B9: 1
A10: Grand Total | B10: 13

Sheet Work Orders by Department and P
A3: Count of Work Order ID | B3: Column Labels
A4: Row Labels | B4: High | C4: Low | D4: Medium | E4: Grand Total
A5: Fleet Services | D5: 1 | E5: 1
A6: Parks | C6: 1 | E6: 1
A7: Roads | D7: 2 | E7: 2
A8: Transit Operations | B8: 1 | C8: 2 | D8: 1 | E8: 4
A9: Waste & Recycling | B9: 1 | C9: 1 | D9: 1 | E9: 3
A10: Water Services | B10: 1 | D10: 1 | E10: 2
A11: Grand Total | B11: 3 | C11: 4 | D11: 6 | E11: 13

Sheet Assignee_Lookup
A1: Assignee | B1: Type | C1: Team / Role | D1: Contact Category
A2: Alex M. | B2: Internal | C2: Fleet Technician | D2: Internal
A3: Jordan K. | B3: Internal | C3: Fleet Technician | D3: Internal
A4: Sam R. | B4: Internal | C4: Fleet Technician | D4: Internal
A5: Prairie Fleet Services | B5: Vendor | C5: External Repair Vendor | D5: External
A6: Westside Auto | B6: Vendor | C6: External Repair Vendor | D6: External
A7: Calgary Mobile Repair | B7: Vendor | C7: Mobile Repair Vendor | D7: External

Sheet Estimated Cost by Issue Categor
A3: Row Labels | B3: Sum of Estimated Cost
A4: Body / Exterior | B4: 950
A5: Brakes | B5: 850
A6: Electrical | B6: 2890
A7: Engine | B7: 5300
A8: HVAC | B8: 1450
A9: Preventive Maintenance | B9: 1200
A10: Tires | B10: 1120
A11: Grand Total | B11: 13760

Sheet Cleaned_Work_Orders
A1: Work Order ID | B1: Vehicle / Equipment ID | C1: Department | D1: Issue Category | E1: Issue Description | F1: Priority | G1: Reported Date | H1: Assigned To | I1: Assignee Type | J1: Assignment Type | K1: Status | L1: Estimated Cost | M1: Approval Required | N1: Approval Status | O1: Due Date | P1: Completion Date | Q1: Ageing (Days) | R1: Overdue? | S1: Notes | T1: Action Required
A2: WO-1001 | B2: BUS-214 | C2: Transit Operations | D2: Brakes | E2: Brake warning light reported during pre-trip inspection | F2: High | G2: 46296 | H2: Alex M. | I2: Internal | J2: Internal Technician | K2: In Progress | L2: 850 | M2: No | N2: Not Required | O2: 46298 | Q2: 22 | R2: Yes | S2: Vehicle held for inspection | T2: No Approval Action
A3: WO-1002 | B3: TRK-087 | C3: Waste & Recycling | D3: Engine | E3: Engine losing power under load | F3: High | G3: 46293 | H3: Prairie Fleet Services | I3: Vendor | J3: External Vendor | K3: Pending Approval | L3: 4200 | M3: Yes | N3: Pending | O3: 46297 | Q3: 25 | R3: Yes | S3: Vendor estimate received | T3: Approval Follow-up
A4: WO-1003 | B4: VAN-055 | C4: Water Services | D4: Tires | E4: Front tires below tread standard | F4: Medium | G4: 46297 | H4: Jordan K. | I4: Internal | J4: Internal Technician | K4: Assigned | L4: 620 | M4: No | N4: Not Required | O4: 46303 | Q4: 21 | R4: Yes | S4: Replacement tires available | T4: No Approval Action
A5: WO-1004 | B5: PLOW-018 | C5: Roads | D5: Electrical | E5: Beacon light intermittent | F5: Medium | G5: 46295 | H5: Westside Auto | I5: Vendor | J5: External Vendor | K5: Completed | L5: 540 | M5: No | N5: Not Required | O5: 46300 | P5: 46299 | Q5: 4 | R5: No | S5: Wiring connector replaced | T5: No Approval Action
A6: WO-1005 | B6: MOWER-31 | C6: Parks | D6: Preventive Maintenance | E6: Seasonal maintenance and inspection | F6: Low | G6: 46298 | H6: Sam R. | I6: Internal | J6: Internal Technician | K6: New | L6: 300 | M6: No | N6: Not Required | O6: 46307 | Q6: 20 | R6: Yes | S6: Scheduled service | T6: No Approval Action
A7: WO-1006 | B7: SUV-122 | C7: Fleet Services | D7: HVAC | E7: Cabin heater not reaching temperature | F7: Medium | G7: 46290 | H7: Calgary Mobile Repair | I7: Vendor | J7: External Vendor | K7: In Progress | L7: 1450 | M7: Yes | N7: Approved | O7: 46296 | Q7: 28 | R7: Yes | S7: Parts ordered | T7: No Approval Action
A8: WO-1007 | B8: BUS-331 | C8: Transit Operations | D8: Body / Exterior | E8: Passenger door panel damaged | F8: Low | G8: 46300 | H8: Alex M. | I8: Internal | J8: Internal Technician | K8: New | L8: 950 | M8: No | N8: Not Required | O8: 46310 | Q8: 18 | R8: Yes | S8: Awaiting inspection | T8: No Approval Action
A9: WO-1008 | B9: TRK-144 | C9: Waste & Recycling | D9: Electrical | E9: Reverse camera not functioning | F9: Medium | G9: 46292 | H9: Prairie Fleet Services | I9: Vendor | J9: External Vendor | K9: Assigned | L9: 1800 | M9: Yes | N9: Approved | O9: 46299 | Q9: 26 | R9: Yes | S9: Appointment booked | T9: No Approval Action
A10: WO-1009 | B10: VAN-072 | C10: Water Services | D10: Engine | E10: Check-engine light and rough idle | F10: High | G10: 46301 | H10: Jordan K. | I10: Internal | J10: Internal Technician | K10: In Progress | L10: 1100 | M10: No | N10: Not Required | O10: 46302 | Q10: 17 | R10: Yes | S10: Diagnostics underway | T10: No Approval Action
A11: WO-1010 | B11: PLOW-041 | C11: Roads | D11: Preventive Maintenance | E11: Pre-winter inspection | F11: Medium | G11: 46296 | H11: Westside Auto | I11: Vendor | J11: External Vendor | K11: Closed | L11: 900 | M11: No | N11: Not Required | O11: 46301 | P11: 46300 | Q11: 4 | R11: No | S11: Inspection complete | T11: No Approval Action
A12: WO-QA-1011 | B12: BUS-QA-01 | C12: Transit Operations | D12: Electrical | E12: QA: future due date and approval pending | F12: Medium | G12: 46318 | H12: Alex M. | I12: Internal | J12: Internal Technician | K12: In Progress | L12: 350 | M12: Yes | N12: Pending | O12: 46335 | Q12: 0 | R12: No | S12: Synthetic QA edge case | T12: Approval Follow-up
A13: WO-QA-1012 | B13: TRK-QA-02 | C13: Waste & Recycling | D13: Tires | E13: QA: new record beyond original cost range | F13: Low | G13: 46318 | H13: Alex M. | I13: Internal | J13: Internal Technician | K13: New | L13: 500 | M13: No | N13: Not Required | O13: 46335 | Q13: 0 | R13: No | S13: Synthetic QA cost expansion | T13: No Approval Action
A14: WO-QA-1013 | B14: BUS-QA-03 | C14: Transit Operations | D14: Electrical | E14: QA: pending status without approval required | F14: Low | G14: 46318 | H14: Alex M. | I14: Internal | J14: Internal Technician | K14: In Progress | L14: 200 | M14: No | N14: Pending | O14: 46335 | Q14: 0 | R14: No | S14: Synthetic QA approval definition edge case | T14: No Approval Action

Sheet Work Orders
A1: Work Order ID | B1: Vehicle / Equipment ID | C1: Department | D1: Issue Category | E1: Issue Description | F1: Priority | G1: Reported Date | H1: Assigned To | I1: Assignee Type | J1: Assignment Type | K1: Status | L1: Estimated Cost | M1: Approval Required | N1: Approval Status | O1: Due Date | P1: Completion Date | Q1: Ageing (Days) | R1: Overdue? | S1: Notes | T1: Action Required
A2: WO-1001 | B2: BUS-214 | C2: Transit Operations | D2: Brakes | E2: Brake warning light reported during pre-trip inspection | F2: High | G2: 46296 | H2: Alex M. | I2: =_xlfn.XLOOKUP(H2,Assignee_Lookup!$A$2:$A$7,Assignee_Lookup!$B$2:$B$7,"Not Found") -> Internal | J2: Internal Technician | K2: In Progress | L2: 850 | M2: No | N2: Not Required | O2: 46298 | Q2: =IF(P2<>"",P2-G2,TODAY()-G2) -> 24 | R2: =IF(AND(O2<>"",O2<TODAY(),K2<>"Completed",K2<>"Closed"),"Yes","No") -> Yes | S2: Vehicle held for inspection | T2: =IF(AND(M2="Yes",N2="Pending"),"Approval Follow-up","No Approval Action") -> No Approval Action
A3: WO-1002 | B3: TRK-087 | C3: Waste & Recycling | D3: Engine | E3: Engine losing power under load | F3: High | G3: 46293 | H3: Prairie Fleet Services | I3: =_xlfn.XLOOKUP(H3,Assignee_Lookup!$A$2:$A$7,Assignee_Lookup!$B$2:$B$7,"Not Found") -> Vendor | J3: External Vendor | K3: Pending Approval | L3: 4200 | M3: Yes | N3: Pending | O3: 46297 | Q3: =IF(P3<>"",P3-G3,TODAY()-G3) -> 27 | R3: =IF(AND(O3<>"",O3<TODAY(),K3<>"Completed",K3<>"Closed"),"Yes","No") -> Yes | S3: Vendor estimate received | T3: =IF(AND(M3="Yes",N3="Pending"),"Approval Follow-up","No Approval Action") -> Approval Follow-up
A4: WO-1003 | B4: VAN-055 | C4: Water Services | D4: Tires | E4: Front tires below tread standard | F4: Medium | G4: 46297 | H4: Jordan K. | I4: =_xlfn.XLOOKUP(H4,Assignee_Lookup!$A$2:$A$7,Assignee_Lookup!$B$2:$B$7,"Not Found") -> Internal | J4: Internal Technician | K4: Assigned | L4: 620 | M4: No | N4: Not Required | O4: 46303 | Q4: =IF(P4<>"",P4-G4,TODAY()-G4) -> 23 | R4: =IF(AND(O4<>"",O4<TODAY(),K4<>"Completed",K4<>"Closed"),"Yes","No") -> Yes | S4: Replacement tires available | T4: =IF(AND(M4="Yes",N4="Pending"),"Approval Follow-up","No Approval Action") -> No Approval Action
A5: WO-1004 | B5: PLOW-018 | C5: Roads | D5: Electrical | E5: Beacon light intermittent | F5: Medium | G5: 46295 | H5: Westside Auto | I5: =_xlfn.XLOOKUP(H5,Assignee_Lookup!$A$2:$A$7,Assignee_Lookup!$B$2:$B$7,"Not Found") -> Vendor | J5: External Vendor | K5: Completed | L5: 540 | M5: No | N5: Not Required | O5: 46300 | P5: 46299 | Q5: =IF(P5<>"",P5-G5,TODAY()-G5) -> 4 | R5: =IF(AND(O5<>"",O5<TODAY(),K5<>"Completed",K5<>"Closed"),"Yes","No") -> No | S5: Wiring connector replaced | T5: =IF(AND(M5="Yes",N5="Pending"),"Approval Follow-up","No Approval Action") -> No Approval Action
A6: WO-1005 | B6: MOWER-31 | C6: Parks | D6: Preventive Maintenance | E6: Seasonal maintenance and inspection | F6: Low | G6: 46298 | H6: Sam R. | I6: =_xlfn.XLOOKUP(H6,Assignee_Lookup!$A$2:$A$7,Assignee_Lookup!$B$2:$B$7,"Not Found") -> Internal | J6: Internal Technician | K6: New | L6: 300 | M6: No | N6: Not Required | O6: 46307 | Q6: =IF(P6<>"",P6-G6,TODAY()-G6) -> 22 | R6: =IF(AND(O6<>"",O6<TODAY(),K6<>"Completed",K6<>"Closed"),"Yes","No") -> Yes | S6: Scheduled service | T6: =IF(AND(M6="Yes",N6="Pending"),"Approval Follow-up","No Approval Action") -> No Approval Action
A7: WO-1006 | B7: SUV-122 | C7: Fleet Services | D7: HVAC | E7: Cabin heater not reaching temperature | F7: Medium | G7: 46290 | H7: Calgary Mobile Repair | I7: =_xlfn.XLOOKUP(H7,Assignee_Lookup!$A$2:$A$7,Assignee_Lookup!$B$2:$B$7,"Not Found") -> Vendor | J7: External Vendor | K7: In Progress | L7: 1450 | M7: Yes | N7: Approved | O7: 46296 | Q7: =IF(P7<>"",P7-G7,TODAY()-G7) -> 30 | R7: =IF(AND(O7<>"",O7<TODAY(),K7<>"Completed",K7<>"Closed"),"Yes","No") -> Yes | S7: Parts ordered | T7: =IF(AND(M7="Yes",N7="Pending"),"Approval Follow-up","No Approval Action") -> No Approval Action
A8: WO-1007 | B8: BUS-331 | C8: Transit Operations | D8: Body / Exterior | E8: Passenger door panel damaged | F8: Low | G8: 46300 | H8: Alex M. | I8: =_xlfn.XLOOKUP(H8,Assignee_Lookup!$A$2:$A$7,Assignee_Lookup!$B$2:$B$7,"Not Found") -> Internal | J8: Internal Technician | K8: New | L8: 950 | M8: No | N8: Not Required | O8: 46310 | Q8: =IF(P8<>"",P8-G8,TODAY()-G8) -> 20 | R8: =IF(AND(O8<>"",O8<TODAY(),K8<>"Completed",K8<>"Closed"),"Yes","No") -> Yes | S8: Awaiting inspection | T8: =IF(AND(M8="Yes",N8="Pending"),"Approval Follow-up","No Approval Action") -> No Approval Action
A9: WO-1008 | B9: TRK-144 | C9: Waste & Recycling | D9: Electrical | E9: Reverse camera not functioning | F9: Medium | G9: 46292 | H9: Prairie Fleet Services | I9: =_xlfn.XLOOKUP(H9,Assignee_Lookup!$A$2:$A$7,Assignee_Lookup!$B$2:$B$7,"Not Found") -> Vendor | J9: External Vendor | K9: Assigned | L9: 1800 | M9: Yes | N9: Approved | O9: 46299 | Q9: =IF(P9<>"",P9-G9,TODAY()-G9) -> 28 | R9: =IF(AND(O9<>"",O9<TODAY(),K9<>"Completed",K9<>"Closed"),"Yes","No") -> Yes | S9: Appointment booked | T9: =IF(AND(M9="Yes",N9="Pending"),"Approval Follow-up","No Approval Action") -> No Approval Action
A10: WO-1009 | B10: VAN-072 | C10: Water Services | D10: Engine | E10: Check-engine light and rough idle | F10: High | G10: 46301 | H10: Jordan K. | I10: =_xlfn.XLOOKUP(H10,Assignee_Lookup!$A$2:$A$7,Assignee_Lookup!$B$2:$B$7,"Not Found") -> Internal | J10: Internal Technician | K10: In Progress | L10: 1100 | M10: No | N10: Not Required | O10: 46302 | Q10: =IF(P10<>"",P10-G10,TODAY()-G10) -> 19 | R10: =IF(AND(O10<>"",O10<TODAY(),K10<>"Completed",K10<>"Closed"),"Yes","No") -> Yes | S10: Diagnostics underway | T10: =IF(AND(M10="Yes",N10="Pending"),"Approval Follow-up","No Approval Action") -> No Approval Action
A11: WO-1010 | B11: PLOW-041 | C11: Roads | D11: Preventive Maintenance | E11: Pre-winter inspection | F11: Medium | G11: 46296 | H11: Westside Auto | I11: =_xlfn.XLOOKUP(H11,Assignee_Lookup!$A$2:$A$7,Assignee_Lookup!$B$2:$B$7,"Not Found") -> Vendor | J11: External Vendor | K11: Closed | L11: 900 | M11: No | N11: Not Required | O11: 46301 | P11: 46300 | Q11: =IF(P11<>"",P11-G11,TODAY()-G11) -> 4 | R11: =IF(AND(O11<>"",O11<TODAY(),K11<>"Completed",K11<>"Closed"),"Yes","No") -> No | S11: Inspection complete | T11: =IF(AND(M11="Yes",N11="Pending"),"Approval Follow-up","No Approval Action") -> No Approval Action
A12: WO-QA-1011 | B12: BUS-QA-01 | C12: Transit Operations | D12: Electrical | E12: QA: future due date and approval pending | F12: Medium | G12: 46318 | H12: Alex M. | I12: =_xlfn.XLOOKUP(H12,Assignee_Lookup!$A$2:$A$7,Assignee_Lookup!$B$2:$B$7,"Not Found") -> Internal | J12: Internal Technician | K12: In Progress | L12: 350 | M12: Yes | N12: Pending | O12: 46335 | Q12: =IF(P12<>"",P12-G12,TODAY()-G12) -> 2 | R12: =IF(AND(O12<>"",O12<TODAY(),K12<>"Completed",K12<>"Closed"),"Yes","No") -> No | S12: Synthetic QA edge case | T12: =IF(AND(M12="Yes",N12="Pending"),"Approval Follow-up","No Approval Action") -> Approval Follow-up
A13: WO-QA-1012 | B13: TRK-QA-02 | C13: Waste & Recycling | D13: Tires | E13: QA: new record beyond original cost range | F13: Low | G13: 46318 | H13: Alex M. | I13: =_xlfn.XLOOKUP(H13,Assignee_Lookup!$A$2:$A$7,Assignee_Lookup!$B$2:$B$7,"Not Found") -> Internal | J13: Internal Technician | K13: New | L13: 500 | M13: No | N13: Not Required | O13: 46335 | Q13: =IF(P13<>"",P13-G13,TODAY()-G13) -> 2 | R13: =IF(AND(O13<>"",O13<TODAY(),K13<>"Completed",K13<>"Closed"),"Yes","No") -> No | S13: Synthetic QA cost expansion | T13: =IF(AND(M13="Yes",N13="Pending"),"Approval Follow-up","No Approval Action") -> No Approval Action
A14: WO-QA-1013 | B14: BUS-QA-03 | C14: Transit Operations | D14: Electrical | E14: QA: pending status without approval required | F14: Low | G14: 46318 | H14: Alex M. | I14: =_xlfn.XLOOKUP(H14,Assignee_Lookup!$A$2:$A$7,Assignee_Lookup!$B$2:$B$7,"Not Found") -> Internal | J14: Internal Technician | K14: In Progress | L14: 200 | M14: No | N14: Pending | O14: 46335 | Q14: =IF(P14<>"",P14-G14,TODAY()-G14) -> 2 | R14: =IF(AND(O14<>"",O14<TODAY(),K14<>"Completed",K14<>"Closed"),"Yes","No") -> No | S14: Synthetic QA approval definition edge case | T14: =IF(AND(M14="Yes",N14="Pending"),"Approval Follow-up","No Approval Action") -> No Approval Action

Sheet Summary
A1: Fleet Maintenance | Work Order Dashboard
A3: Metric | B3: Value | D3: Status | E3: Count
A4: Total Work Orders | B4: =COUNTA('Work Orders'!A2:A200) -> 13 | D4: New | E4: =COUNTIF('Work Orders'!K2:K200,D4) -> 3
A5: Open Work Orders | B5: =COUNTIFS('Work Orders'!K2:K200,"<>Closed",'Work Orders'!K2:K200,"<>Completed",'Work Orders'!A2:A200,"<>") -> 11 | D5: Assigned | E5: =COUNTIF('Work Orders'!K2:K200,D5) -> 2
A6: High Priority | B6: =COUNTIF('Work Orders'!F2:F200,"High") -> 3 | D6: In Progress | E6: =COUNTIF('Work Orders'!K2:K200,D6) -> 5
A7: Overdue | B7: =COUNTIF('Work Orders'!R2:R200,"Yes") -> 8 | D7: Pending Approval | E7: =COUNTIF('Work Orders'!K2:K200,D7) -> 1
A8: Approvals Requiring Action | B8: =COUNTIFS('Work Orders'!M2:M200,"Yes",'Work Orders'!N2:N200,"Pending") -> 2 | D8: Completed | E8: =COUNTIF('Work Orders'!K2:K200,D8) -> 1
A9: Total Estimated Cost | B9: =SUM('Work Orders'!L2:L200) -> 13760 | D9: Closed | E9: =COUNTIF('Work Orders'!K2:K200,D9) -> 1
A11: Report Date | B11: =TODAY() -> 46320
A13: High Priority & Overdue | B13: =COUNTIFS('Work Orders'!F2:F200,"High",'Work Orders'!R2:R200,"Yes") -> 3
A14: Engine Repair Cost | B14: =SUMIF('Work Orders'!D2:D200,"Engine",'Work Orders'!L2:L200) -> 5300
A15: High Priority Vendor Cost | B15: =SUMIFS('Work Orders'!L2:L200,'Work Orders'!F2:F200,"High",'Work Orders'!I2:I200,"Vendor") -> 4200
